,25,100,97.86097591,98.13636162,99.12037501,101.3579344,102.2848407,99.00210404,100.8263309,102.1125877,99.01558677,100.0035089,102.1992552,99.36496979,98.98986018,101.0147014,97.80943008,102.3587441,101.6327695,98.61957022,102.3825635,99.7713154,98.34992165,98.31955591,102.4231694,99.27109723,98.29846061,97.92309002,100.7376143,102.122805,101.1083118,98.6002186,102.4404369,98.51217011,102.0635491,99.05631649,98.36272752,99.26349046,101.3666153,102.2938673,100.1832795,97.53101613,98.31381058,101.0831119,100.4709201,101.8146054,98.71222712,102.00727,97.72347285,98.26605372,101.4231853,100.308594,,,,,,,,,,,,,,,,,,,,,,,,,,,,,,,,,,,,,,,,,,,,,,,,,
,10,1000,996.1942542,983.2584956,987.017833,1012.279484,1024.100572,990.0467153,1023.858418,1012.72697,995.5378246,1012.524388,1023.551679,997.1471245,997.6410401,1009.934422,994.6466298,999.7843814,980.0101249,991.3147093,990.62524,1008.008667,981.2337793,998.3200722,984.8635561,989.6999696,999.5145787,1004.651905,1015.945341,985.8949964,979.5530909,1011.574074,1000.836694,984.7894408,988.4246433,1007.123255,1014.825937,989.2609533,1013.991809,1009.505566,985.3008979,1004.229173,985.5740859,1015.765789,996.4553185,989.940243,1013.717436,992.6070487,982.4006592,1012.697054,991.4005588,1020.830452,,,,,,,,,,,,,,,,,,,,,,,,,,,,,,,,,,,,,,,,,,,,,,,,,
,15,0.02,0.019988026,0.02019944,0.01979827,0.020328961,0.019933599,0.019969465,0.019623835,0.019790184,0.020419136,0.019509385,0.019979649,0.019883673,0.019811335,0.019912892,0.020008327,0.020164253,0.019800433,0.02039864,0.020149834,0.019900113,0.020320153,0.019548729,0.020037604,0.020132415,0.019579182,0.019715185,0.020102689,0.020389668,0.020397783,0.019850304,0.020403978,0.019720161,0.020018638,0.019685082,0.020186019,0.019569355,0.019705433,0.019678618,0.020359332,0.019736373,0.020203351,0.020155011,0.020329445,0.019518399,0.019565066,0.020274071,0.019850821,0.020381834,0.01989561,0.019537642,,,,,,,,,,,,,,,,,,,,,,,,,,,,,,,,,,,,,,,,,,,,,,,,,
,,0.1,0.102332977,0.100569726,0.100725558,0.099131317,0.101439416,0.101762778,0.097537126,0.100542695,0.101776815,0.09807664,0.100830998,0.098699619,0.101726068,0.097531526,0.100698576,0.098017704,0.099942201,0.099854035,0.101752441,0.099404022,0.099992036,0.100346432,0.098584705,0.099867643,0.099327148,0.100344769,0.099151488,0.100987083,0.101148929,0.098304402,0.100734293,0.098208903,0.1021508,0.101313652,0.100700791,0.098672899,0.097608065,0.100878375,0.100640447,0.10067237,0.098988043,0.100073402,0.099100645,0.098198231,0.102113465,0.101304041,0.097570037,0.099922348,0.098165028,0.100875914,,,,,,,,,,,,,,,,,,,,,,,,,,,,,,,,,,,,,,,,,,,,,,,,,
,,,,,,,,,,,,,,,,,,,,,,,,,,,,,,,,,,,,,,,,,,,,,,,,,,,,,,,,,,,,,,,,,,,,,,,,,,,,,,,,,,,,,,,,,,,,,,,,,,,,,
,,1,2,3,4,5,6,7,8,9,10,11,12,13,14,15,16,17,18,19,20,21,22,23,24,25,26,27,28,29,30,31,32,33,34,35,36,37,38,39,40,41,42,43,44,45,46,47,48,49,50,51,,,,,,,,,,,,,,,,,,,,,,,,,,,,,,,,,,,,,,,,,,,,,,,,,
,T,B,B,B,B,B,B,B,B,B,B,B,B,B,B,B,B,B,B,B,B,B,B,B,B,B,B,B,B,B,B,B,B,B,B,B,B,B,B,B,B,B,B,B,B,B,B,B,B,B,B,B,,,,,,,,,,,,,,,,,,,,,,,,,,,,,,,,,,,,,,,,,,,,,,,,,
0,15.000,100.000,97.861,98.136,99.120,101.358,102.285,99.002,100.826,102.113,99.016,100.004,102.199,99.365,98.990,101.015,97.809,102.359,101.633,98.620,102.383,99.771,98.350,98.320,102.423,99.271,98.298,97.923,100.738,102.123,101.108,98.600,102.440,98.512,102.064,99.056,98.363,99.263,101.367,102.294,100.183,97.531,98.314,101.083,100.471,101.815,98.712,102.007,97.723,98.266,101.423,100.309,,,,,,,,,,,,,,,,,,,,,,,,,,,,,,,,,,,,,,,,,,,,,,,,,
1,17.487,108.067,106.048,106.202,107.119,109.560,110.689,107.190,108.531,110.323,107.396,107.660,110.540,107.183,107.115,108.833,105.801,110.419,109.709,106.721,110.894,107.717,106.408,106.126,110.491,107.314,105.998,105.772,108.810,110.613,109.541,106.318,110.942,106.140,110.544,107.093,106.484,106.941,109.140,110.509,108.474,105.399,106.207,109.314,108.592,109.592,106.777,110.488,105.272,106.362,109.321,108.333,,,,,,,,,,,,,,,,,,,,,,,,,,,,,,,,,,,,,,,,,,,,,,,,,
2,19.818,119.146,117.386,117.310,118.123,120.803,122.288,118.503,119.012,121.610,118.994,118.090,122.028,117.869,118.334,119.476,116.806,121.413,120.785,117.856,122.653,118.606,117.485,116.846,121.512,118.358,116.535,116.560,119.869,122.321,121.178,116.855,122.659,116.542,122.273,118.171,117.677,117.422,119.718,121.811,119.896,116.226,117.017,120.628,119.720,120.185,117.922,122.192,115.549,117.497,120.091,119.375,,,,,,,,,,,,,,,,,,,,,,,,,,,,,,,,,,,,,,,,,,,,,,,,,
3,21.845,134.375,133.114,132.623,133.276,136.227,138.313,134.155,133.274,137.141,135.072,132.304,137.867,132.482,133.848,133.969,131.980,136.418,135.981,133.181,138.919,133.539,132.730,131.580,136.569,133.539,130.966,131.400,135.033,138.484,137.255,131.249,138.826,130.730,138.513,133.462,133.127,131.734,134.114,137.373,135.651,131.140,131.833,136.196,134.982,134.614,133.347,138.366,129.544,132.833,134.783,134.579,,,,,,,,,,,,,,,,,,,,,,,,,,,,,,,,,,,,,,,,,,,,,,,,,
4,23.443,155.049,154.671,153.476,153.883,157.125,160.182,155.545,152.431,158.242,157.095,151.424,159.436,152.213,155.035,153.452,152.647,156.633,156.562,154.014,161.141,153.761,153.452,151.576,156.878,154.147,150.478,151.561,155.565,160.523,159.193,150.665,160.857,149.837,160.720,154.304,154.195,151.025,153.456,158.529,157.112,151.433,151.888,157.353,155.655,154.010,154.434,160.440,148.357,153.701,154.564,155.257,,,,,,,,,,,,,,,,,,,,,,,,,,,,,,,,,,,,,,,,,,,,,,,,,
5,24.511,182.368,183.430,181.120,181.155,184.691,189.229,183.994,177.487,186.144,186.460,176.464,188.027,178.148,183.199,178.951,180.049,183.143,183.683,181.586,190.676,180.422,180.874,177.993,183.533,181.380,176.163,178.231,182.635,189.760,188.321,176.169,190.076,174.883,190.264,181.961,182.172,176.336,178.753,186.518,185.569,178.316,178.317,185.345,182.913,179.381,182.494,189.756,172.982,181.356,180.488,182.630,,,,,,,,,,,,,,,,,,,,,,,,,,,,,,,,,,,,,,,,,,,,,,,,,
6,24.980,216.963,220.173,216.231,215.734,219.550,226.183,220.228,208.930,221.491,223.953,207.923,224.333,210.840,219.057,210.968,214.866,216.476,217.918,216.559,228.248,214.122,215.644,211.444,217.061,215.865,208.584,212.046,216.850,226.893,225.343,208.307,227.184,206.372,227.875,217.120,217.780,208.179,210.495,221.985,221.705,212.451,211.709,220.837,217.364,211.200,218.263,227.025,203.904,216.490,213.063,217.355,,,,,,,,,,,,,,,,,,,,,,,,,,,,,,,,,,,,,,,,,,,,,,,,,
7,24.823,258.275,264.356,258.251,257.057,261.134,270.457,263.677,246.240,263.698,269.001,245.277,267.778,249.750,262.051,248.959,256.566,256.049,258.656,258.384,273.208,254.322,257.205,251.401,256.855,257.043,247.221,252.494,257.665,271.278,269.626,246.574,271.557,243.773,272.907,259.242,260.501,246.012,248.140,264.338,264.923,253.327,251.524,263.266,258.437,248.893,261.214,271.617,240.607,258.588,251.714,258.892,,,,,,,,,,,,,,,,,,,,,,,,,,,,,,,,,,,,,,,,,,,,,,,,,
8,24.048,304.131,313.585,304.943,302.924,307.275,319.669,311.981,287.560,310.521,319.142,286.652,316.044,292.884,309.871,291.010,302.955,299.810,303.710,304.855,323.046,298.948,303.352,295.789,300.818,302.743,290.103,297.483,302.972,320.454,318.712,289.050,320.769,285.184,322.837,306.102,308.103,287.901,289.794,311.307,312.877,298.825,295.699,310.400,303.982,290.514,309.065,321.066,281.244,305.470,294.443,305.071,,,,,,,,,,,,,,,,,,,,,,,,,,,,,,,,,,,,,,,,,,,,,,,,,
9,22.705,351.015,363.903,352.660,349.776,354.466,369.929,361.290,329.925,358.338,370.325,329.052,365.366,337.040,358.735,334.068,350.438,344.510,349.613,352.386,373.726,344.641,350.512,341.237,345.639,349.454,334.040,343.591,349.359,370.476,368.653,332.630,370.907,327.571,373.599,354.050,356.893,330.755,332.444,359.240,361.776,345.460,340.904,358.605,350.533,333.008,358.051,371.398,322.875,353.542,338.090,352.347,,,,,,,,,,,,,,,,,,,,,,,,,,,,,,,,,,,,,,,,,,,,,,,,,
10,20.878,395.137,411.045,397.480,393.793,398.929,417.061,407.476,370.110,403.266,418.208,369.225,411.692,378.754,404.575,374.831,395.120,386.662,392.680,397.105,420.985,387.764,394.841,384.093,387.795,393.398,375.571,387.096,393.133,417.176,415.270,373.926,417.812,367.657,420.907,399.143,402.851,371.242,372.832,404.227,407.577,389.441,383.542,403.965,394.364,373.106,404.087,418.406,362.308,398.883,379.265,396.881,,,,,,,,,,,,,,,,,,,,,,,,,,,,,,,,,,,,,,,,,,,,,,,,,
11,18.681,433.698,451.919,436.528,432.171,437.857,458.027,447.549,405.646,442.452,459.667,404.691,452.051,415.421,444.423,410.793,434.126,423.670,430.225,436.156,461.801,425.593,433.514,421.631,424.691,431.786,412.084,425.213,431.531,457.584,455.589,410.358,458.493,402.965,461.727,438.470,442.994,406.855,408.481,443.415,447.355,427.937,420.927,443.586,432.716,408.360,444.172,459.085,397.118,438.571,415.437,435.820,,,,,,,,,,,,,,,,,,,,,,,,,,,,,,,,,,,,,,,,,,,,,,,,,
12,16.253,465.510,485.304,468.620,463.745,470.041,491.601,480.326,435.374,474.709,493.490,434.302,485.221,445.880,477.078,440.805,466.243,454.392,461.141,468.335,495.041,456.933,465.354,452.666,455.219,463.443,442.410,456.727,463.340,490.565,488.479,440.733,491.777,432.369,494.932,470.816,476.055,436.467,438.250,475.627,479.946,459.722,451.889,476.245,464.409,437.681,477.065,492.282,426.184,471.342,445.487,467.942,,,,,,,,,,,,,,,,,,,,,,,,,,,,,,,,,,,,,,,,,,,,,,,,,
13,13.747,490.789,511.553,494.023,488.766,495.679,518.099,506.142,459.342,500.288,520.062,458.127,511.476,470.259,502.845,464.945,491.707,478.979,485.677,493.878,521.124,481.944,490.606,477.375,479.572,488.593,466.670,481.816,488.725,516.507,514.334,465.132,518.016,455.969,520.955,496.429,502.270,460.197,462.210,501.135,505.673,484.989,476.594,502.176,489.647,461.194,503.045,518.386,449.575,497.398,469.552,493.458,,,,,,,,,,,,,,,,,,,,,,,,,,,,,,,,,,,,,,,,,,,,,,,,,
14,11.319,510.551,531.861,513.809,508.274,515.770,538.677,526.154,478.338,520.244,540.611,476.971,531.922,489.447,522.849,484.039,511.565,498.336,504.841,513.826,541.281,501.572,510.313,496.721,498.689,508.248,485.751,501.454,508.649,536.602,534.347,484.397,538.380,474.596,541.042,516.378,522.712,478.895,481.172,521.008,525.662,504.739,495.983,522.430,509.418,479.738,523.226,538.598,468.084,517.772,488.510,513.389,,,,,,,,,,,,,,,,,,,,,,,,,,,,,,,,,,,,,,,,,,,,,,,,,
15,9.122,526.052,547.640,529.277,523.537,531.564,554.722,541.730,493.423,535.868,556.573,491.907,547.903,504.591,538.440,499.177,527.106,513.620,519.863,529.458,556.932,517.020,525.746,511.912,513.745,523.663,500.798,516.871,524.333,552.240,549.912,499.643,554.254,489.332,556.621,531.971,538.708,493.667,496.212,536.549,541.259,520.223,511.245,538.304,524.958,494.404,538.960,554.318,482.762,533.754,503.486,529.007,,,,,,,,,,,,,,,,,,,,,,,,,,,,,,,,,,,,,,,,,,,,,,,,,
16,7.295,538.467,560.176,541.631,535.736,544.240,567.507,554.125,505.636,548.362,569.254,503.979,560.666,516.785,550.859,511.415,539.528,525.935,531.890,541.970,569.362,529.431,538.093,524.090,525.848,536.009,512.905,529.229,536.935,564.683,562.291,511.949,566.903,501.224,568.981,544.420,551.492,505.572,508.375,548.965,553.696,532.620,523.508,551.010,537.428,506.235,551.495,566.821,494.631,546.555,515.557,541.504,,,,,,,,,,,,,,,,,,,,,,,,,,,,,,,,,,,,,,,,,,,,,,,,,
17,5.952,548.776,570.515,551.865,545.847,554.782,578.078,564.361,515.867,558.724,579.711,514.079,571.236,526.954,561.124,521.654,549.825,536.210,541.874,552.352,579.610,539.760,548.334,534.210,535.929,546.259,522.995,539.495,547.425,574.959,572.509,522.231,577.360,511.159,579.164,554.730,562.088,515.508,518.557,559.252,563.986,542.909,533.717,561.555,547.798,516.117,561.858,577.143,504.565,557.184,525.632,551.873,,,,,,,,,,,,,,,,,,,,,,,,,,,,,,,,,,,,,,,,,,,,,,,,,
18,5.177,557.756,579.474,560.764,554.644,563.978,587.257,573.240,524.842,567.741,588.773,522.930,580.427,535.845,570.035,530.629,558.783,545.194,550.569,561.391,588.489,548.776,557.247,543.031,544.731,555.187,531.812,548.443,556.581,583.872,581.369,531.233,586.438,519.857,587.981,563.695,571.305,524.200,527.482,568.199,572.923,551.871,542.628,570.736,556.842,524.767,570.855,586.093,513.272,566.443,534.444,560.902,,,,,,,,,,,,,,,,,,,,,,,,,,,,,,,,,,,,,,,,,,,,,,,,,
19,5.020,566.035,587.704,568.956,562.747,572.460,595.700,581.402,533.159,576.050,597.092,531.126,588.889,544.061,578.231,538.937,567.035,553.497,558.583,569.720,596.641,557.100,565.458,551.171,552.857,563.416,539.960,556.698,565.034,592.061,589.507,539.563,594.785,527.905,596.074,571.950,579.794,532.238,535.748,576.439,581.143,560.133,550.853,579.197,565.185,532.769,579.134,594.315,521.335,574.977,542.591,569.226,,,,,,,,,,,,,,,,,,,,,,,,,,,,,,,,,,,,,,,,,,,,,,,,,
20,5.489,574.151,595.755,576.978,570.687,580.777,603.965,589.389,541.341,584.192,605.225,539.187,597.177,552.128,586.256,547.103,575.121,561.646,566.438,577.878,604.610,565.268,573.500,559.157,560.828,571.482,547.963,564.796,573.327,600.067,597.463,547.749,602.948,535.812,603.983,580.040,588.111,540.134,543.876,584.514,589.186,568.237,558.921,587.489,573.363,540.631,587.244,602.355,529.261,583.342,550.591,577.389,,,,,,,,,,,,,,,,,,,,,,,,,,,,,,,,,,,,,,,,,,,,,,,,,
21,6.557,582.618,604.150,585.343,578.972,589.449,612.584,597.716,549.893,592.688,613.697,547.612,605.822,560.551,594.627,555.632,583.557,570.146,574.631,586.384,612.909,573.794,581.884,567.498,569.140,579.894,556.324,573.253,581.980,608.402,605.745,556.301,611.451,544.071,612.222,588.484,596.787,548.383,552.367,592.939,597.565,576.698,567.338,596.136,581.890,548.842,595.711,610.727,537.541,592.066,558.939,585.915,,,,,,,,,,,,,,,,,,,,,,,,,,,,,,,,,,,,,,,,,,,,,,,,,
22,8.155,591.987,613.446,594.595,588.145,599.037,622.127,606.934,559.362,602.093,623.064,556.943,615.391,569.873,603.899,565.066,592.896,579.540,583.694,595.787,622.085,583.233,591.154,576.742,578.328,589.198,565.587,582.623,591.554,617.612,614.898,565.769,620.847,553.213,621.336,597.840,606.391,557.516,561.764,602.268,606.827,586.074,576.646,605.703,591.315,557.930,605.098,619.983,546.702,601.717,568.172,595.364,,,,,,,,,,,,,,,,,,,,,,,,,,,,,,,,,,,,,,,,,,,,,,,,,
23,10.182,602.906,624.298,605.375,598.843,610.194,633.258,617.688,570.394,613.062,633.980,567.821,626.548,580.731,614.723,576.045,603.788,590.464,594.253,606.734,632.777,594.234,601.947,587.534,589.016,600.036,576.394,593.560,602.705,628.330,625.550,576.802,631.783,563.862,631.962,608.767,617.590,568.162,572.707,613.152,617.609,597.020,587.482,616.849,602.281,568.514,616.072,630.762,557.367,612.959,578.918,606.400,,,,,,,,,,,,,,,,,,,,,,,,,,,,,,,,,,,,,,,,,,,,,,,,,
24,12.513,616.161,637.504,618.461,611.847,623.714,646.792,630.763,583.778,626.390,647.233,581.029,640.103,593.905,627.893,589.349,617.024,603.689,607.067,620.007,645.757,607.590,615.035,600.663,601.960,613.185,589.529,606.862,616.230,641.323,638.466,590.192,645.041,576.782,644.872,622.065,631.196,581.089,585.976,626.384,630.684,610.338,600.618,630.375,615.567,581.354,629.446,643.840,570.295,626.600,591.938,619.835,,,,,,,,,,,,,,,,,,,,,,,,,,,,,,,,,,,,,,,,,,,,,,,,,
25,15.000,632.692,654.014,634.775,628.086,640.540,663.695,647.095,600.465,643.030,663.756,597.511,657.023,610.325,644.357,605.910,633.548,620.131,623.042,636.532,661.939,624.252,631.334,617.081,618.062,629.571,605.937,623.490,633.084,657.494,654.544,606.890,661.544,592.887,660.981,638.699,648.177,597.217,602.509,642.914,646.965,626.990,616.974,647.238,632.098,597.357,646.198,660.133,586.395,643.600,608.146,636.643,,,,,,,,,,,,,,,,,,,,,,,,,,,,,,,,,,,,,,,,,,,,,,,,,
26,17.487,653.523,674.855,655.316,648.574,661.693,685.017,667.694,621.511,664.020,684.546,618.315,678.355,631.016,665.148,626.756,654.390,640.788,643.163,657.313,682.301,645.259,651.833,637.834,638.299,650.200,626.663,644.500,654.307,677.806,674.743,627.947,682.279,613.186,681.271,659.722,669.587,617.565,623.340,663.777,667.432,648.034,637.552,668.473,652.874,617.527,667.402,680.620,606.672,665.002,628.540,657.900,,,,,,,,,,,,,,,,,,,,,,,,,,,,,,,,,,,,,,,,,,,,,,,,,
27,19.818,679.549,700.902,680.943,674.202,688.064,711.663,693.425,647.895,690.272,710.432,644.414,705.008,656.898,691.162,652.820,680.448,666.544,668.294,683.210,707.658,671.541,677.384,663.867,663.533,675.947,652.660,670.836,680.819,703.058,699.855,654.320,708.073,638.601,706.561,686.065,696.339,643.063,649.423,689.885,692.909,674.414,663.233,694.980,678.765,642.778,694.005,706.121,632.041,691.710,654.013,684.569,,,,,,,,,,,,,,,,,,,,,,,,,,,,,,,,,,,,,,,,,,,,,,,,,
28,21.845,711.148,732.458,711.975,705.340,720.013,743.972,724.595,680.155,722.172,741.655,676.336,737.342,688.412,722.744,684.578,712.087,697.795,698.797,714.547,738.255,703.525,708.304,695.629,694.136,707.166,684.407,702.939,713.029,733.486,730.111,686.502,739.186,669.601,737.100,718.126,728.793,674.186,681.260,721.618,723.671,706.557,694.399,727.122,710.120,673.581,726.405,736.885,662.980,724.083,684.994,717.094,,,,,,,,,,,,,,,,,,,,,,,,,,,,,,,,,,,,,,,,,,,,,,,,,
29,23.443,747.657,768.703,747.678,741.321,756.863,781.173,760.426,717.887,759.045,777.334,713.667,774.620,725.019,759.153,721.556,748.608,733.963,734.035,750.595,773.247,740.621,743.875,732.548,729.512,743.179,721.401,740.204,750.311,768.254,764.669,724.003,774.792,705.717,772.046,755.224,766.210,710.461,718.414,758.303,758.927,743.834,730.426,764.190,746.268,709.477,763.892,772.076,699.041,761.396,720.954,754.854,,,,,,,,,,,,,,,,,,,,,,,,,,,,,,,,,,,,,,,,,,,,,,,,,
30,24.511,786.999,807.342,785.912,780.066,796.524,821.007,798.696,759.318,798.780,815.149,754.626,814.636,764.807,798.186,761.927,787.877,773.127,772.019,789.227,810.389,780.817,781.991,772.621,767.738,781.916,761.736,780.579,790.619,805.152,801.318,764.940,812.666,745.145,809.146,795.206,806.370,750.063,759.093,797.824,796.500,784.153,769.324,804.031,785.154,748.690,804.245,809.461,738.461,801.474,760.033,795.749,,,,,,,,,,,,,,,,,,,,,,,,,,,,,,,,,,,,,,,,,,,,,,,,,
31,24.980,825.891,844.919,823.394,818.305,835.717,860.009,836.035,801.364,838.039,851.693,796.123,853.968,804.622,836.446,802.611,826.549,812.182,809.601,827.164,846.367,820.855,819.413,812.571,805.740,820.131,802.222,820.735,830.670,840.921,836.804,806.139,849.488,784.845,845.073,834.666,845.829,789.917,800.230,836.846,833.117,824.152,807.917,843.288,823.563,788.218,843.970,845.729,778.245,840.925,799.171,836.379,,,,,,,,,,,,,,,,,,,,,,,,,,,,,,,,,,,,,,,,,,,,,,,,,
32,24.823,860.858,877.971,856.744,852.591,870.972,894.629,869.033,840.435,873.297,883.632,834.591,889.059,840.979,870.435,840.117,861.130,847.740,843.443,861.011,877.913,857.185,852.793,848.818,840.203,854.413,839.289,857.062,866.920,872.341,867.928,844.012,881.947,821.380,876.550,870.016,881.010,826.555,838.304,871.851,865.483,860.216,842.798,878.442,858.098,824.657,879.410,877.599,814.981,876.203,834.975,873.072,,,,,,,,,,,,,,,,,,,,,,,,,,,,,,,,,,,,,,,,,,,,,,,,,
33,24.048,889.530,904.383,883.774,880.606,899.923,922.594,895.557,873.701,902.162,909.001,867.240,917.576,871.328,897.903,871.783,889.295,877.360,871.257,888.542,903.074,887.284,879.936,878.816,868.778,882.463,870.295,887.027,896.878,897.469,892.773,875.859,908.002,852.149,901.625,898.846,909.569,857.364,870.585,900.468,891.540,889.846,871.588,907.142,886.448,855.415,908.163,903.084,846.047,904.956,864.950,903.272,,,,,,,,,,,,,,,,,,,,,,,,,,,,,,,,,,,,,,,,,,,,,,,,,
34,22.705,911.299,923.901,904.056,901.793,921.950,943.496,915.281,899.951,924.036,927.652,892.915,939.025,894.797,918.436,896.570,910.524,900.238,892.433,909.283,921.654,910.375,900.378,901.785,890.745,903.718,894.304,909.895,919.811,916.085,911.143,900.663,927.376,876.163,920.113,920.593,931.021,881.364,895.957,922.121,910.969,912.365,893.604,928.837,908.014,879.481,929.725,921.957,870.402,926.652,888.212,926.262,,,,,,,,,,,,,,,,,,,,,,,,,,,,,,,,,,,,,,,,,,,,,,,,,
35,20.878,926.956,937.586,918.487,916.970,937.830,958.308,929.194,919.524,939.738,940.676,911.993,954.316,911.968,932.985,914.920,925.684,916.972,907.705,924.098,934.684,927.140,914.976,918.424,906.741,918.979,911.883,926.409,936.432,929.184,924.045,918.930,941.053,893.884,933.058,936.128,946.292,899.041,914.808,937.639,924.718,928.562,909.549,944.378,923.560,897.287,945.038,935.229,888.454,942.165,905.298,942.824,,,,,,,,,,,,,,,,,,,,,,,,,,,,,,,,,,,,,,,,,,,,,,,,,
36,18.681,937.880,946.924,928.464,927.522,948.938,968.510,938.739,933.614,950.674,949.537,925.683,964.902,924.129,943.003,928.052,936.196,928.826,918.390,934.377,943.584,938.933,925.102,930.099,918.029,929.615,924.334,937.967,948.109,938.159,932.871,931.938,950.448,906.529,941.886,946.899,956.852,911.631,928.340,948.432,934.182,939.859,920.744,955.186,934.434,910.022,955.600,944.315,901.387,952.937,917.443,954.389,,,,,,,,,,,,,,,,,,,,,,,,,,,,,,,,,,,,,,,,,,,,,,,,,
37,16.253,945.426,953.256,935.305,934.789,956.630,975.482,945.242,943.601,958.215,955.535,935.360,972.168,932.634,949.847,937.318,943.418,937.121,925.786,941.448,949.625,947.133,932.065,938.198,925.902,936.955,933.040,945.967,956.221,944.268,938.871,941.075,956.859,915.427,947.871,954.297,964.092,920.476,937.910,955.865,940.649,947.657,928.520,962.632,941.963,919.001,962.821,950.496,910.518,960.349,925.964,962.378,,,,,,,,,,,,,,,,,,,,,,,,,,,,,,,,,,,,,,,,,,,,,,,,,
38,13.747,950.668,957.590,940.030,939.823,961.985,980.282,949.707,950.686,963.447,959.635,942.207,977.189,938.601,954.557,943.868,948.414,942.947,930.934,946.344,953.765,952.860,936.886,943.841,931.417,942.051,939.145,951.532,961.883,948.465,942.988,947.509,961.269,921.701,951.967,959.410,969.091,926.703,944.686,961.015,945.104,953.068,933.947,967.794,947.206,925.343,967.793,954.738,916.977,965.482,931.960,967.926,,,,,,,,,,,,,,,,,,,,,,,,,,,,,,,,,,,,,,,,,,,,,,,,,
39,11.319,954.377,960.618,943.356,943.376,965.781,983.654,952.837,955.782,967.143,962.498,947.123,980.725,942.857,957.863,948.567,951.935,947.106,934.581,949.799,956.661,956.928,940.287,947.841,935.344,945.655,943.495,955.473,965.904,951.408,945.872,952.110,964.366,926.193,954.829,963.012,972.610,931.155,949.554,964.651,948.235,956.892,937.801,971.440,950.923,929.889,971.285,957.710,921.612,969.106,936.246,971.848,,,,,,,,,,,,,,,,,,,,,,,,,,,,,,,,,,,,,,,,,,,,,,,,,
40,9.122,957.078,962.801,945.770,945.958,968.550,986.095,955.100,959.543,969.831,964.562,950.745,983.292,945.976,960.256,952.028,954.491,950.158,937.240,952.312,958.752,959.901,942.760,950.758,938.220,948.278,946.682,958.344,968.842,953.536,947.956,955.490,966.609,929.496,956.894,965.626,975.164,934.425,953.143,967.293,950.504,959.674,940.617,974.092,953.635,933.234,973.812,959.859,925.028,971.741,939.394,974.701,,,,,,,,,,,,,,,,,,,,,,,,,,,,,,,,,,,,,,,,,,,,,,,,,
41,7.295,959.123,964.442,947.593,947.911,970.651,987.936,956.803,962.423,971.865,966.112,953.514,985.231,948.351,962.059,954.675,956.423,952.483,939.255,954.212,960.324,962.159,944.630,952.970,940.409,950.265,949.106,960.519,971.073,955.139,949.525,958.068,968.299,932.017,958.446,967.600,977.091,936.918,955.889,969.291,952.216,961.779,942.755,976.099,955.692,935.790,975.716,961.477,927.639,973.733,941.794,976.861,,,,,,,,,,,,,,,,,,,,,,,,,,,,,,,,,,,,,,,,,,,,,,,,,
42,5.952,960.749,965.738,949.039,949.461,972.324,989.393,958.151,964.732,973.481,967.338,955.731,986.769,950.247,963.487,956.793,957.956,954.341,940.858,955.721,961.568,963.957,946.115,954.729,942.155,951.845,951.041,962.249,972.850,956.408,950.767,960.129,969.639,934.033,959.672,969.165,978.620,938.911,958.089,970.877,953.572,963.452,944.459,977.693,957.330,937.835,977.223,962.757,929.731,975.316,943.713,978.577,,,,,,,,,,,,,,,,,,,,,,,,,,,,,,,,,,,,,,,,,,,,,,,,,
43,5.177,962.117,966.824,950.253,950.764,973.731,990.616,959.281,966.685,974.839,968.363,957.606,988.060,951.846,964.684,958.585,959.244,955.908,942.208,956.990,962.609,965.472,947.363,956.210,943.627,953.173,952.672,963.704,974.347,957.472,951.808,961.869,970.762,935.736,960.698,970.479,979.904,940.593,959.949,972.209,954.710,964.857,945.894,979.033,958.708,939.563,978.487,963.829,931.499,976.646,945.333,980.020,,,,,,,,,,,,,,,,,,,,,,,,,,,,,,,,,,,,,,,,,,,,,,,,,
44,5.020,963.340,967.791,951.337,951.929,974.991,991.707,960.289,968.440,976.054,969.277,959.289,989.213,953.279,965.753,960.193,960.394,957.313,943.415,958.123,963.538,966.828,948.478,957.536,944.946,954.361,954.134,965.006,975.687,958.421,952.736,963.430,971.764,937.264,961.614,971.653,981.050,942.103,961.620,973.401,955.726,966.115,947.178,980.231,959.941,941.115,979.616,964.787,933.087,977.835,946.786,981.310,,,,,,,,,,,,,,,,,,,,,,,,,,,,,,,,,,,,,,,,,,,,,,,,,
45,5.489,964.507,968.713,952.371,953.039,976.192,992.748,961.250,970.119,977.213,970.147,960.899,990.313,954.648,966.772,961.729,961.491,958.654,944.567,959.203,964.423,968.123,949.541,958.801,946.204,955.493,955.530,966.248,976.966,959.325,953.620,964.921,972.719,938.725,962.486,972.774,982.143,943.545,963.218,974.538,956.694,967.314,948.404,981.373,961.117,942.598,980.692,965.698,934.605,978.968,948.173,982.542,,,,,,,,,,,,,,,,,,,,,,,,,,,,,,,,,,,,,,,,,,,,,,,,,
46,6.557,965.693,969.650,953.420,954.169,977.411,993.805,962.226,971.826,978.390,971.031,962.537,991.431,956.039,967.808,963.291,962.606,960.016,945.738,960.300,965.321,969.438,950.620,960.088,947.483,956.644,956.950,967.511,978.264,960.243,954.517,966.436,973.689,940.209,963.371,973.913,983.253,945.011,964.842,975.693,957.677,968.534,949.648,982.533,962.311,944.107,981.787,966.624,936.147,980.118,949.583,983.794,,,,,,,,,,,,,,,,,,,,,,,,,,,,,,,,,,,,,,,,,,,,,,,,,
47,8.155,966.969,970.660,954.551,955.386,978.722,994.945,963.278,973.663,979.660,971.982,964.300,992.635,957.536,968.925,964.970,963.807,961.481,946.999,961.479,966.290,970.855,951.781,961.476,948.858,957.882,958.480,968.873,979.661,961.231,955.483,968.067,974.732,941.807,964.327,975.141,984.448,946.591,966.590,976.939,958.734,969.849,950.986,983.782,963.595,945.731,982.969,967.621,937.806,981.356,951.100,985.145,,,,,,,,,,,,,,,,,,,,,,,,,,,,,,,,,,,,,,,,,,,,,,,,,
48,10.182,968.413,971.806,955.829,956.764,980.202,996.236,964.471,975.738,981.097,973.059,966.294,993.998,959.227,970.192,966.865,965.166,963.133,948.426,962.812,967.386,972.457,953.093,963.048,950.411,959.282,960.212,970.415,981.240,962.348,956.576,969.909,975.911,943.613,965.409,976.534,985.800,948.378,968.563,978.351,959.930,971.338,952.498,985.194,965.044,947.567,984.310,968.749,939.678,982.754,952.813,986.677,,,,,,,,,,,,,,,,,,,,,,,,,,,,,,,,,,,,,,,,,,,,,,,,,
49,12.513,970.107,973.154,957.329,958.383,981.935,997.754,965.873,978.168,982.785,974.323,968.631,995.599,961.209,971.682,969.082,966.762,965.064,950.100,964.373,968.675,974.335,954.630,964.896,952.229,960.923,962.245,972.226,983.090,963.659,957.858,972.067,977.295,945.728,966.682,978.172,987.387,950.472,970.874,980.011,961.332,973.088,954.267,986.850,966.741,949.719,985.891,970.073,941.869,984.392,954.817,988.479,,,,,,,,,,,,,,,,,,,,,,,,,,,,,,,,,,,,,,,,,,,,,,,,,
50,15.000,972.134,974.773,959.124,960.324,984.003,999.575,967.556,981.071,984.808,975.838,971.426,997.517,963.577,973.471,971.727,968.674,967.368,952.105,966.238,970.220,976.582,956.468,967.113,954.400,962.885,964.679,974.397,985.300,965.227,959.392,974.645,978.949,948.256,968.211,980.138,989.287,952.979,973.633,982.002,963.010,975.187,956.381,988.830,968.766,952.292,987.791,971.659,944.484,986.350,957.212,990.641,,,,,,,,,,,,,,,,,,,,,,,,,,,,,,,,,,,,,,,,,,,,,,,,,